,datetime,power_prices
0,2026-01-01 00:00:00,100.00439343934283
1,2026-01-01 00:30:00,100.05313160372961
2,2026-01-01 01:00:00,99.23669209189626
3,2026-01-01 01:30:00,99.70721629435882
4,2026-01-01 02:00:00,99.63097058382577
5,2026-01-01 02:30:00,99.1750024384377
6,2026-01-01 03:00:00,100.69686229147055
7,2026-01-01 03:30:00,101.13156757173263
8,2026-01-01 04:00:00,101.44113724263785
9,2026-01-01 04:30:00,101.36526249722529
10,2026-01-01 05:00:00,102.98085066256724
11,2026-01-01 05:30:00,103.13774788193018
12,2026-01-01 06:00:00,103.5235746914792
13,2026-01-01 06:30:00,103.73334075569895
14,2026-01-01 07:00:00,105.19592933987136
15,2026-01-01 07:30:00,105.22267445481678
16,2026-01-01 08:00:00,105.96439935744561
17,2026-01-01 08:30:00,106.17410762049504
18,2026-01-01 09:00:00,106.38529790151887
19,2026-01-01 09:30:00,106.6256074897654
20,2026-01-01 10:00:00,106.00361649641674
21,2026-01-01 10:30:00,107.54394278641489
22,2026-01-01 11:00:00,106.45361203812146
23,2026-01-01 11:30:00,105.38659555883449
24,2026-01-01 12:00:00,103.48449943083718
25,2026-01-01 12:30:00,101.47790626646392
26,2026-01-01 13:00:00,102.28316206229856
27,2026-01-01 13:30:00,102.49463713916862
28,2026-01-01 14:00:00,101.55243511110265
29,2026-01-01 14:30:00,102.02884796095454
30,2026-01-01 15:00:00,103.30507424002312
31,2026-01-01 15:30:00,103.8909035184568
32,2026-01-01 16:00:00,105.60650610994543
33,2026-01-01 16:30:00,106.52346244822995
34,2026-01-01 17:00:00,106.57131053197241
35,2026-01-01 17:30:00,105.78530144551357
36,2026-01-01 18:00:00,106.96388362161052
37,2026-01-01 18:30:00,107.76138018192837
38,2026-01-01 19:00:00,108.53710722498451
39,2026-01-01 19:30:00,109.09556255741698
40,2026-01-01 20:00:00,108.28665047249427
41,2026-01-01 20:30:00,108.38646076722705
42,2026-01-01 21:00:00,107.99348318054281
43,2026-01-01 21:30:00,107.97355104363761
44,2026-01-01 22:00:00,107.52870355362674
45,2026-01-01 22:30:00,106.5141514519053
46,2026-01-01 23:00:00,106.51881503772324
47,2026-01-01 23:30:00,105.37668896000093
48,2026-01-02 00:00:00,104.20000689661315
49,2026-01-02 00:30:00,103.99750208764931
50,2026-01-02 01:00:00,103.72223819517451
51,2026-01-02 01:30:00,102.8149987035014
52,2026-01-02 02:00:00,102.72869270294119
53,2026-01-02 02:30:00,103.3810300147416
54,2026-01-02 03:00:00,103.08155276004453
55,2026-01-02 03:30:00,102.68845111436181
56,2026-01-02 04:00:00,103.1605730034468
57,2026-01-02 04:30:00,102.84983860146848
58,2026-01-02 05:00:00,103.77295805179824
59,2026-01-02 05:30:00,104.43567258571308
60,2026-01-02 06:00:00,104.26547949749595
61,2026-01-02 06:30:00,104.0597487119943
62,2026-01-02 07:00:00,104.86342936865998
63,2026-01-02 07:30:00,105.45548664422685
64,2026-01-02 08:00:00,105.66541520934389
65,2026-01-02 08:30:00,105.84444835181999
66,2026-01-02 09:00:00,105.62699985120068
67,2026-01-02 09:30:00,105.44097889996637
68,2026-01-02 10:00:00,105.50293556491236
69,2026-01-02 10:30:00,106.49718468570008
70,2026-01-02 11:00:00,105.41971675986876
71,2026-01-02 11:30:00,104.27989512000639
72,2026-01-02 12:00:00,104.20295601540928
73,2026-01-02 12:30:00,102.90894395934441
74,2026-01-02 13:00:00,104.12531906124494
75,2026-01-02 13:30:00,105.376676531359
76,2026-01-02 14:00:00,105.24742935106647
77,2026-01-02 14:30:00,106.08410121913407
78,2026-01-02 15:00:00,106.17835037342637
79,2026-01-02 15:30:00,106.0901562014042
80,2026-01-02 16:00:00,106.97060871087861
81,2026-01-02 16:30:00,107.62644174634995
82,2026-01-02 17:00:00,108.52797893172223
83,2026-01-02 17:30:00,108.91065533324507
84,2026-01-02 18:00:00,111.60591705844757
85,2026-01-02 18:30:00,112.6953554713464
86,2026-01-02 19:00:00,112.32654783182095
87,2026-01-02 19:30:00,111.5827782442581
88,2026-01-02 20:00:00,110.94082111248858
89,2026-01-02 20:30:00,110.57391629266768
90,2026-01-02 21:00:00,109.57912792984332
91,2026-01-02 21:30:00,109.02461207940243
92,2026-01-02 22:00:00,108.21349379122617
93,2026-01-02 22:30:00,106.85680073310988
94,2026-01-02 23:00:00,106.9838475624231
95,2026-01-02 23:30:00,106.68644455822165
96,2026-01-03 00:00:00,107.00388220750658
97,2026-01-03 00:30:00,106.40502681006441
98,2026-01-03 01:00:00,105.64942776290498
99,2026-01-03 01:30:00,105.72411887713807
100,2026-01-03 02:00:00,105.20274356599364
101,2026-01-03 02:30:00,104.49389519460343
102,2026-01-03 03:00:00,102.7282330641657
103,2026-01-03 03:30:00,103.00046380001714
104,2026-01-03 04:00:00,103.63850548863414
105,2026-01-03 04:30:00,103.71779784889637
106,2026-01-03 05:00:00,104.24695562942941
107,2026-01-03 05:30:00,103.59731659844343
108,2026-01-03 06:00:00,104.68540783460821
109,2026-01-03 06:30:00,104.62325600519893
110,2026-01-03 07:00:00,104.78205678841479
111,2026-01-03 07:30:00,104.64745214487117
112,2026-01-03 08:00:00,104.99014288549115
113,2026-01-03 08:30:00,105.31077182838328
114,2026-01-03 09:00:00,104.71069789553484
115,2026-01-03 09:30:00,104.97816276497642
116,2026-01-03 10:00:00,105.34613753139674
117,2026-01-03 10:30:00,106.31246343309131
118,2026-01-03 11:00:00,107.16063361813656
119,2026-01-03 11:30:00,106.79164554956624
120,2026-01-03 12:00:00,106.26722431473318
121,2026-01-03 12:30:00,107.04273789852864
122,2026-01-03 13:00:00,106.22904107915586
123,2026-01-03 13:30:00,104.66813403172301
124,2026-01-03 14:00:00,104.26968472254634
125,2026-01-03 14:30:00,104.02486105321918
126,2026-01-03 15:00:00,104.05544101875908
127,2026-01-03 15:30:00,104.42781524314717
128,2026-01-03 16:00:00,105.58481784122174
129,2026-01-03 16:30:00,105.0044171355859
130,2026-01-03 17:00:00,106.19947210869782
131,2026-01-03 17:30:00,105.90114285603754
132,2026-01-03 18:00:00,106.24426748164012
133,2026-01-03 18:30:00,105.5617627444131
134,2026-01-03 19:00:00,106.07143668445724
135,2026-01-03 19:30:00,106.71727432233209
136,2026-01-03 20:00:00,104.92049723671403
137,2026-01-03 20:30:00,103.92850296155704
138,2026-01-03 21:00:00,102.87215711668551
139,2026-01-03 21:30:00,102.66219881772936
140,2026-01-03 22:00:00,102.98222459020532
141,2026-01-03 22:30:00,102.80612183621454
142,2026-01-03 23:00:00,102.21626188203673
143,2026-01-03 23:30:00,102.75769947962654
144,2026-01-04 00:00:00,102.56620554102292
145,2026-01-04 00:30:00,102.34447748631894
146,2026-01-04 01:00:00,101.72499366711284
147,2026-01-04 01:30:00,102.06857428456928
148,2026-01-04 02:00:00,102.55026002293044
149,2026-01-04 02:30:00,101.80743562746812
150,2026-01-04 03:00:00,103.1112338930237
151,2026-01-04 03:30:00,101.98169143799409
152,2026-01-04 04:00:00,102.81333141435739
153,2026-01-04 04:30:00,103.09126026480016
154,2026-01-04 05:00:00,103.7626387631685
155,2026-01-04 05:30:00,104.23176035596404
156,2026-01-04 06:00:00,104.49065268019301
157,2026-01-04 06:30:00,103.4872413966824
158,2026-01-04 07:00:00,104.58861638000936
159,2026-01-04 07:30:00,103.75844788307408
160,2026-01-04 08:00:00,103.58803787491065
161,2026-01-04 08:30:00,103.32712791777243
162,2026-01-04 09:00:00,102.75837615815462
163,2026-01-04 09:30:00,103.03839034849122
164,2026-01-04 10:00:00,102.48838099204698
165,2026-01-04 10:30:00,102.45173013723327
166,2026-01-04 11:00:00,102.71414573188537
167,2026-01-04 11:30:00,102.88529177815448
168,2026-01-04 12:00:00,103.90231096401763
169,2026-01-04 12:30:00,104.40872171706863
170,2026-01-04 13:00:00,103.85176274372726
171,2026-01-04 13:30:00,103.89163166154637
172,2026-01-04 14:00:00,102.19694469418722
173,2026-01-04 14:30:00,102.11643684166134
174,2026-01-04 15:00:00,102.25909269410576
175,2026-01-04 15:30:00,101.38334914923934
176,2026-01-04 16:00:00,101.77606953247385
177,2026-01-04 16:30:00,103.23113648524273
178,2026-01-04 17:00:00,104.00988961799813
179,2026-01-04 17:30:00,103.63762326226957
180,2026-01-04 18:00:00,104.73279730673809
181,2026-01-04 18:30:00,104.84337121041334
182,2026-01-04 19:00:00,104.30916223750764
183,2026-01-04 19:30:00,105.82008501829573
184,2026-01-04 20:00:00,105.9568290184857
185,2026-01-04 20:30:00,106.96486172270534
186,2026-01-04 21:00:00,106.985590384968
187,2026-01-04 21:30:00,107.63639188674092
188,2026-01-04 22:00:00,105.59575378384424
189,2026-01-04 22:30:00,105.79454885759061
190,2026-01-04 23:00:00,104.08060826322827
191,2026-01-04 23:30:00,103.679954039708
192,2026-01-05 00:00:00,103.27784375894552
193,2026-01-05 00:30:00,103.46779556977836
194,2026-01-05 01:00:00,102.12450782212467
195,2026-01-05 01:30:00,102.05585449753102
196,2026-01-05 02:00:00,102.53024967224734
197,2026-01-05 02:30:00,101.46386894279821
198,2026-01-05 03:00:00,101.65832479176238
199,2026-01-05 03:30:00,101.3611671587354
200,2026-01-05 04:00:00,101.31129482503282
201,2026-01-05 04:30:00,101.46801499896463
202,2026-01-05 05:00:00,101.6643073564597
203,2026-01-05 05:30:00,102.2511453613402
204,2026-01-05 06:00:00,102.69817253420176
205,2026-01-05 06:30:00,103.71342853037991
206,2026-01-05 07:00:00,104.98289313494948
207,2026-01-05 07:30:00,106.09361763033017
208,2026-01-05 08:00:00,106.82522379028295
209,2026-01-05 08:30:00,107.71905839474138
210,2026-01-05 09:00:00,107.38814756050485
211,2026-01-05 09:30:00,106.84077797529312
212,2026-01-05 10:00:00,106.39072482664476
213,2026-01-05 10:30:00,106.2200112283112
214,2026-01-05 11:00:00,105.8705748749553
215,2026-01-05 11:30:00,104.45715657014263
216,2026-01-05 12:00:00,104.93941128477775
217,2026-01-05 12:30:00,104.71415572216002
218,2026-01-05 13:00:00,104.57433193824555
219,2026-01-05 13:30:00,105.03980710094213
220,2026-01-05 14:00:00,104.61829670681776
221,2026-01-05 14:30:00,103.95589636601821
222,2026-01-05 15:00:00,102.24225464049266
223,2026-01-05 15:30:00,102.7858167320765
224,2026-01-05 16:00:00,103.56367277130666
225,2026-01-05 16:30:00,103.84730825898014
226,2026-01-05 17:00:00,103.93267744319512
227,2026-01-05 17:30:00,105.1489392703214
228,2026-01-05 18:00:00,106.63249971465409
229,2026-01-05 18:30:00,107.82280357624364
230,2026-01-05 19:00:00,108.64033335061102
231,2026-01-05 19:30:00,110.53486882389457
232,2026-01-05 20:00:00,110.63060177230301
233,2026-01-05 20:30:00,110.93095138029781
234,2026-01-05 21:00:00,110.20791578612881
235,2026-01-05 21:30:00,110.18822430716904
236,2026-01-05 22:00:00,108.20763438242996
237,2026-01-05 22:30:00,108.04578433403985
238,2026-01-05 23:00:00,107.07803408148001
239,2026-01-05 23:30:00,105.83003113504311
240,2026-01-06 00:00:00,105.42162760068965
241,2026-01-06 00:30:00,104.4759949156
242,2026-01-06 01:00:00,104.20437738090635
243,2026-01-06 01:30:00,103.54896868455573
244,2026-01-06 02:00:00,104.24345122751475
245,2026-01-06 02:30:00,102.88164840004981
246,2026-01-06 03:00:00,102.09936356443077
247,2026-01-06 03:30:00,101.44510059318074
248,2026-01-06 04:00:00,100.1196425278499
249,2026-01-06 04:30:00,100.16887135949865
250,2026-01-06 05:00:00,100.31034289736354
251,2026-01-06 05:30:00,102.91406934447718
252,2026-01-06 06:00:00,102.98476084708729
253,2026-01-06 06:30:00,105.22364390883925
254,2026-01-06 07:00:00,107.48368005611093
255,2026-01-06 07:30:00,106.92028995656395
256,2026-01-06 08:00:00,108.95415599101736
257,2026-01-06 08:30:00,108.96549909210536
258,2026-01-06 09:00:00,108.38919747061765
259,2026-01-06 09:30:00,108.12238968510157
260,2026-01-06 10:00:00,107.23123131992227
261,2026-01-06 10:30:00,107.42071045679525
262,2026-01-06 11:00:00,107.28752727188515
263,2026-01-06 11:30:00,107.76781073306914
264,2026-01-06 12:00:00,106.04410470702817
265,2026-01-06 12:30:00,105.21337324243261
266,2026-01-06 13:00:00,105.38854844644555
267,2026-01-06 13:30:00,104.8955070442559
268,2026-01-06 14:00:00,103.56473339725063
269,2026-01-06 14:30:00,103.91875605176202
270,2026-01-06 15:00:00,103.78806014000536
271,2026-01-06 15:30:00,103.54149977098238
272,2026-01-06 16:00:00,102.89112633293801
273,2026-01-06 16:30:00,102.94016878920972
274,2026-01-06 17:00:00,104.41750311859707
275,2026-01-06 17:30:00,104.83509033388108
276,2026-01-06 18:00:00,106.8507872743778
277,2026-01-06 18:30:00,107.68096228029908
278,2026-01-06 19:00:00,106.83573116161992
279,2026-01-06 19:30:00,106.92746255978945
280,2026-01-06 20:00:00,106.82718419492133
281,2026-01-06 20:30:00,106.65880408786009
282,2026-01-06 21:00:00,106.32905757657133
283,2026-01-06 21:30:00,106.7690490579189
284,2026-01-06 22:00:00,106.41301083811926
285,2026-01-06 22:30:00,105.65622690698066
286,2026-01-06 23:00:00,106.46729509545126
287,2026-01-06 23:30:00,105.09596813513996
288,2026-01-07 00:00:00,103.4464879889224
289,2026-01-07 00:30:00,102.03180953690355
290,2026-01-07 01:00:00,102.71326766178682
291,2026-01-07 01:30:00,101.51909911691705
292,2026-01-07 02:00:00,101.32518196105605
293,2026-01-07 02:30:00,102.34160594522851
294,2026-01-07 03:00:00,102.12146120662017
295,2026-01-07 03:30:00,101.78153421163577
296,2026-01-07 04:00:00,102.67899840992055
297,2026-01-07 04:30:00,103.25109418299465
298,2026-01-07 05:00:00,104.2715746037405
299,2026-01-07 05:30:00,104.33449388102288
300,2026-01-07 06:00:00,103.67488533166734
301,2026-01-07 06:30:00,104.59620279097578
302,2026-01-07 07:00:00,105.50416331172111
303,2026-01-07 07:30:00,106.3185990294511
304,2026-01-07 08:00:00,106.66043012065005
305,2026-01-07 08:30:00,107.05605716071591
306,2026-01-07 09:00:00,106.67502484578394
307,2026-01-07 09:30:00,107.7048241313603
308,2026-01-07 10:00:00,107.6071602771461
309,2026-01-07 10:30:00,106.23553074926576
310,2026-01-07 11:00:00,107.0146569785245
311,2026-01-07 11:30:00,107.20386744334454
312,2026-01-07 12:00:00,106.23283027685707
313,2026-01-07 12:30:00,107.0252518084449
314,2026-01-07 13:00:00,107.35896852795646
315,2026-01-07 13:30:00,107.14119190721763
316,2026-01-07 14:00:00,106.40658091880124
317,2026-01-07 14:30:00,105.2290044694261
318,2026-01-07 15:00:00,105.46419045162223
319,2026-01-07 15:30:00,105.90297336149345
320,2026-01-07 16:00:00,107.40300110612164
321,2026-01-07 16:30:00,107.43201437206429
322,2026-01-07 17:00:00,107.61169802352555
323,2026-01-07 17:30:00,107.64016750105331
324,2026-01-07 18:00:00,108.36913111999236
325,2026-01-07 18:30:00,108.3036517674322
326,2026-01-07 19:00:00,108.90261586730288
327,2026-01-07 19:30:00,108.96307590339016
328,2026-01-07 20:00:00,108.8737448444645
329,2026-01-07 20:30:00,108.80175199001899
330,2026-01-07 21:00:00,107.04259573877466
331,2026-01-07 21:30:00,106.19524107687143
332,2026-01-07 22:00:00,104.71030549515265
333,2026-01-07 22:30:00,104.79419564489314
334,2026-01-07 23:00:00,104.71579528555093
335,2026-01-07 23:30:00,104.31315916748454
336,2026-01-08 00:00:00,104.0382621341699
